Country Name,1998,1999,2000,2001,2002,2003,2004,2005,2006,2007,2008,2009,2010,2011,2012,2013,2014,2015
Aruba,1.154469392,4.514062033,-0.364695779,-2.164459409,0.465289865,7.519472373,1.176690484,0.380390971,2.355119443,-3.654626242,-6.881302064,-5.653502086,,,,,,
Andorra,3.194787965,4.099081148,1.165787064,6.066780597,6.426845139,12.02391974,8.069504291,7.839704496,4.585310593,0.078039378,-8.594256008,-3.817986024,-5.347977181,-4.802675037,-1.760010328,-0.063514313,,
Afghanistan,,,,,,8.444163227,1.055555787,11.17527024,5.554137623,13.74020499,3.611368392,21.02064874,8.433290482,6.113685169,14.43474129,1.959122893,1.312530908,1.519911264
Angola,6.804762116,3.239799671,3.012076171,4.220965147,-6.940461553,5.247494541,10.87957748,18.26145032,20.73512488,22.5930543,13.81714581,2.412869693,3.407654794,3.918596986,5.155440545,6.81358577,4.804472704,2.997704073
Albania,9.00885254,13.50117338,6.666620515,7.940331421,4.231371012,5.77349057,5.709556581,5.720819953,5.431012734,5.900000009,7.529999989,3.350000009,3.709999994,2.550000005,1.419999998,1.109999993,2,2.56
Arab World,5.28330287,3.047915893,5.132354959,2.201414439,1.498554438,4.233616027,9.738825709,6.151042334,7.312090782,5.650083958,6.30550696,1.515299831,4.615798817,3.330674479,6.6410913,2.903579148,2.141186166,2.971648322
United Arab Emirates,0.291994344,2.90221365,10.8527042,1.399085028,2.433456814,8.800540817,9.566436643,4.855141195,9.837319773,3.184390174,3.191836271,-5.242921906,1.635449055,5.207798911,6.893595623,4.321360255,4.570289721,3.182678195
Argentina,3.850178866,-3.385457054,-0.788998929,-4.408839696,-10.89448481,8.837040776,9.029573321,8.889308141,8.142535979,9.01574459,4.0938615,-6.013355331,10.35356745,6.14748634,-1.05287445,2.302484158,-2.558477446,2.372296017
Armenia,7.3,3.3,5.9,9.556641496,13.18630053,14.04079506,10.46784186,13.86571125,13.19800352,13.74920196,6.900000002,-14.14998864,2.199999999,4.699999999,7.200000003,3.300000002,3.499999999,3.000000001
American Samoa,,,,,,,,,,,,,,,,,,
Antigua and Barbuda,4.407673955,4.121604554,5.041769297,-3.194241893,2.92425143,5.913631425,5.286420149,6.083228432,13.37640019,9.49894448,0.071111021,-12.03601506,-7.142991335,-1.793435604,4.019541839,-0.346259916,4.821980293,3.664120729
Australia,4.438243428,5.007096354,3.868657682,1.929386797,3.856686721,3.070798721,4.149374345,3.206642301,2.982870285,3.757657864,3.706699506,1.819678261,2.018182144,2.379561336,3.632720303,2.440049062,2.499851222,2.257825112
Austria,3.559966919,3.589987751,3.368407715,1.35051608,1.655854943,0.756156576,2.705743088,2.140682596,3.350831358,3.621510423,1.547263839,-3.799075048,1.928673056,2.807999932,0.757314346,0.321250822,0.353471066,0.862105019
Azerbaijan,10.00000028,7.400000582,11.09999925,9.9,10.5999992,11.20000024,10.2000004,26.40000081,34.49999951,25.04899952,10.77242078,9.410653764,4.854339324,0.065922768,2.200000188,5.796678396,2,1.1
Burundi,4.749999992,-1.009999996,-0.856864059,2.055807109,4.446519419,-1.223727959,4.833657762,0.900000003,5.384657398,4.785831951,5.048118783,3.468425425,3.785902543,4.191625681,4.01936553,4.594054218,4.660918184,-2.535865642
Belgium,1.97544848,3.563040036,3.633817208,0.811463997,1.780452149,0.774536137,3.634800822,2.094221518,2.499464447,3.397471914,0.747103204,-2.284879004,2.694825538,1.796837889,0.158656858,0.003056057,1.295473353,1.373937182
Benin,3.961012139,5.341449373,5.859992101,5.330410857,4.644470026,3.444044849,4.429629024,1.711577628,3.947013747,5.986515522,4.893393918,2.319226924,2.116850127,2.962750351,4.643023076,6.878995974,6.541486651,5.240447102
Burkina Faso,7.307719633,7.404178966,1.820241893,6.613399555,4.353004323,7.802439898,4.478474349,8.661861605,6.253158604,5.655005118,7.29449815,2.962014371,8.446325183,6.521769448,6.452674754,3.649305084,4.047796031,3.979542067
Bangladesh,5.177026873,4.670156368,5.293294718,5.077287776,3.83312394,4.739567399,5.23953291,6.535944941,6.671868265,7.058636206,6.013789759,5.045124794,5.571802274,6.46438388,6.521435078,6.013596067,6.061093054,6.552633316
Bulgaria,3.499999792,-5.609999908,5.010949366,4.248025368,6.018122132,5.077522269,6.555566578,7.236192997,6.753133864,7.675350685,5.647005429,-4.219727062,0.054557983,1.583973961,0.23707389,1.281885084,1.55,2.967135479
Bahrain,4.790002789,4.29999896,5.299994794,2.491033565,3.614148289,6.023951196,6.980946984,6.768939709,6.468567672,8.292443822,6.245128341,2.539772469,4.334407088,2.100184109,3.588704571,5.412938243,4.480935152,2.926567217
"Bahamas, The",4.716473825,7.144129932,4.1492464,2.625627121,2.704629513,-1.264744629,0.882884233,3.39529267,2.516863841,1.446522215,-2.323937248,-4.175259175,1.538778853,0.612902596,2.217312979,0.022030197,1.022786105,1.2204836
Bosnia and Herzegovina,15.59999636,9.599999795,5.500000436,4.399999507,5.300000267,4.000000065,6.099999771,8.758230375,5.378476622,5.728757014,5.481507958,-2.86988112,0.767254045,0.908247974,-0.933187606,2.394191896,1.081875932,3.157576299
Belarus,8.4,3.4,5.8,4.725306006,5.045267318,7.043192675,11.44974293,9.4,10,8.6,10.2,0.2,7.740781216,5.543711461,1.731391223,1.073600801,1.723086003,-3.887698502
Belize,3.740956602,8.780371455,13.03876213,5.015662999,5.118559443,9.329248703,4.648087296,2.578008809,4.58160037,1.105586127,3.229101316,0.799202009,3.321036866,2.102218515,3.740823332,1.313220167,4.081916492,1.918485814
Bermuda,3.9,3.382648714,9.317155577,7.222436009,-1.477790375,3.410706204,2.321266476,1.674207149,5.543865928,2.845890114,1.52789391,-5.284177149,-2.094113534,-3.33949441,-4.834540171,-2.511154431,,
Bolivia,5.029354755,0.426885423,2.507810809,1.683799127,2.485565738,2.711339837,4.173295589,4.421433127,4.797008824,4.564383902,6.148497195,3.357001259,4.126722565,5.204092718,5.122274661,6.796011706,5.460569752,3.961728072
Brazil,0.338356177,0.469066589,4.112564911,1.657817967,3.05316092,1.140319046,5.760880726,3.202051527,3.960502029,6.07228369,5.093767012,-0.126147415,7.528797381,3.910255348,1.915458623,3.015140511,0.103371359,-3.847362495
Barbados,3.707742639,0.315457413,4.507337526,-2.407221665,0.822199383,2.140672783,1.397205589,4.035433071,5.676442763,1.700984781,0.440140845,-4.031551271,0.273972603,0.72859745,0.27124774,0,0.180342651,0.99009901
Brunei Darussalam,-0.558508698,3.052156688,2.849421759,2.744040816,3.872097249,2.903955133,0.504318384,0.387506909,4.397720159,0.15458146,-1.939714507,-1.764535725,2.598965911,3.429818477,0.948354662,-1.751960547,-2.339999835,-0.5
Bhutan,5.914030835,7.983972022,6.93302424,8.203773861,10.72784061,7.664334042,5.896408192,7.12255965,6.849365932,17.92582494,4.768354226,6.657223796,11.73085436,7.890913893,5.071709815,2.142496554,5.458817312,3.254254739
Botswana,0.721993155,9.667240742,1.987695854,0.250573867,6.069530868,4.625894792,2.705821737,4.556645657,8.363871069,8.280147493,6.242117247,-7.652310203,8.563631748,6.048316367,4.456466273,9.860292657,3.203915093,-0.254733178
Central African Republic,4.69999386,3.600002931,-2.489450101,4.464782649,3.616488016,-5.397469236,5.994991726,0.908086104,3.639311187,4.607561983,2.054126562,1.709220967,3.046656852,3.300739707,2.898540636,-37.01195691,-1.257108489,5.48645856
Canada,3.881759144,5.1632109,5.182690286,1.770819089,3.010016308,1.802273312,3.085961209,3.201382137,2.623412623,2.06274769,1.000360973,-2.949587643,3.08351422,3.141219001,1.745472283,2.218068188,2.472892638,1.078268751
Central Europe and the Baltics,2.808599955,2.058896413,3.944016833,3.063550845,3.244888749,4.439711389,5.585305438,4.911562022,6.56721374,6.450407729,3.666408627,-3.751650797,1.973125806,3.111007686,0.541375878,1.2727673,2.772204032,3.397822043
Switzerland,2.944772466,1.64337202,3.946102508,1.446594802,0.143394375,0.049708149,2.842948357,3.038305348,4.012785508,4.140348369,2.277240085,-2.129618511,2.953816768,1.804553915,1.124629311,1.768830561,1.889476944,0.909636998
Channel Islands,,3.770263675,5.826641469,-1.51296126,-1.632206598,-3.202156942,0.224197396,1.377734157,4.882299364,5.898329661,,,,,,,,
Chile,3.230878709,-0.760854812,4.495792997,3.348180391,2.166908634,3.956748481,6.041086739,5.559452531,4.40497269,5.1608256,3.292454897,-1.036431779,5.753708909,5.839640583,5.45713061,3.976596199,1.876395397,2.066140519
China,7.853489523,7.618173474,8.42928216,8.298374411,9.090909091,10.01997337,10.07564297,11.35239142,12.6882251,14.19496167,9.623377486,9.233551095,10.63170823,9.484506202,7.750297593,7.68380997,7.268513241,6.9
Cote d'Ivoire,4.930679628,1.617527443,-2.068400057,0.121371915,-1.667642138,-1.359535943,1.23177284,1.721247367,1.515842364,1.765036784,2.542841476,3.251453719,2.017638592,-4.387254788,10.7065041,9.218578722,8.546467852,8.441713171
Cameroon,4.895359526,4.062278838,4.173581032,4.514271087,4.009044571,4.030993316,3.701854054,2.296852856,3.224002985,3.255664493,2.884046234,1.931850591,3.268648874,4.140591847,4.588738701,5.561688129,5.926964959,6.239188246
"Congo, Rep.",3.73755277,-2.582199357,7.575980392,3.8026019,4.581870061,0.813264075,3.476631623,7.755758978,6.235997013,-1.58222275,5.572264173,7.468878032,8.751655799,3.42062127,3.799995854,3.440705249,6.779940953,2.646447935
Colombia,0.56978409,-4.204015244,4.419993,1.677898308,2.503980465,3.918271904,5.333022067,4.706555934,6.697515258,6.900627655,3.546804886,1.651549245,3.971800705,6.589511516,4.043943806,4.874065579,4.385710901,3.081928033
Comoros,1.282662475,1.924123666,10.84807498,2.332936465,2.324779259,2.104101953,1.919602379,2.837407764,2.646899868,0.800152799,0.400266855,1.949999978,2.199999982,2.600000088,2.999999972,3.499999994,2.061639469,
Cabo Verde,12.51728567,11.22264853,14.28486883,2.231654493,5.250891246,4.176259302,10.19707261,6.912457988,7.983750447,15.17068797,6.650520523,-1.270403675,1.466912709,3.968783812,1.081918311,1.045244023,2.799846803,2.523108492
Costa Rica,8.397847841,8.222200687,1.8008246,1.076396317,2.902185091,6.404510783,4.259452774,5.886377313,8.779640959,7.935340515,2.731620422,-1.015718862,4.954320527,4.517746474,5.167582778,3.437273971,3.502352231,2.757443821
Caribbean small states,2.775568509,4.035295021,3.774682758,2.070974137,3.81784652,6.045096511,4.203233687,3.702605494,6.900833027,3.24122442,1.382636785,-3.567806371,0.185160332,1.16565018,1.195900394,1.31182369,1.282425682,1.322206672
Cuba,0.155720869,6.191203445,5.915865714,3.182230186,1.42859081,3.791364597,5.770878841,11.20171308,12.0658059,7.262137034,4.116828059,1.449116717,2.388332912,2.802964336,3.014390465,2.686032552,,
Curacao,,,,,,,,,,,,,,,,,,
Cayman Islands,,,,,,,,,,,,,,,,,,
Cyprus,5.091645313,4.686084743,5.673380231,3.576056688,3.220606243,2.788196717,4.379398998,3.863109461,4.516829031,4.934072991,3.652696543,-2.028977871,1.364184191,0.404392546,-2.448049655,-5.939077045,-2.497056608,1.586206341
Czech Republic,-0.316032669,1.438050224,4.294136059,3.051521283,1.64694964,3.601842545,4.947456257,6.4422623,6.87654427,5.529266339,2.710955571,-4.841785296,2.295089687,1.966612632,-0.900306692,-0.528170821,1.978154045,4.198049657
Germany,1.979618407,1.987134949,2.962045368,1.695471452,0,-0.709906172,1.169970413,0.706713948,3.700159572,3.260535297,1.082315404,-5.618860435,4.079933305,3.660000155,0.405170675,0.297847586,1.599770392,1.687723781
Djibouti,0.099378566,2.179006178,0.416213954,2.047764413,2.61856229,3.199959365,3.8264761,3.169601169,4.799864683,5.100061387,5.799962619,5.032627058,3.486917489,4.467514526,4.842379573,4.999907255,6.000194324,
Dominica,4.978087155,0.683294802,0.375310954,0.473103034,-1.753160254,7.687213049,3.250144236,-0.088242377,2.9296875,6.356736243,7.047279215,-1.166666667,0.674536256,0,-1.256281407,0.593723494,3.878583474,2.75974026
Denmark,2.218139367,2.948016194,3.746890518,0.823156075,0.466298252,0.390091339,2.638951051,2.437029516,3.796742609,0.824417532,-0.717955926,-5.087936061,1.625132918,1.152142525,-0.073322003,-0.243779283,1.261905838,1.178551281
Dominican Republic,7.010597728,6.715354091,5.656604877,1.809229488,5.788207316,-0.25335881,1.31195822,9.262750074,10.67115484,8.47462478,3.143711459,0.935781292,8.302152802,2.820884489,2.629506212,4.777741911,7.340878365,6.953313621
Algeria,5.100003609,3.200001553,3.8,3,5.6,7.2,4.3,5.9,1.7,3.4,2.4,1.6,3.6,2.9,3.4,2.8,3.8,3.9
East Asia & Pacific (excluding high income),1.73522492,6.056473018,7.440286105,6.659415346,7.812095003,8.68737162,8.869768583,9.647140553,10.7171969,12.12636721,8.407978346,7.549292177,9.772136875,8.441376602,7.42911771,7.136696214,6.722531263,6.460260277
Early-demographic dividend,1.804997842,1.850099762,4.467280305,1.186469894,1.787803632,4.462874483,6.820972738,6.571983239,6.629512756,6.458447653,3.773855164,1.108954959,6.534086179,5.130811272,4.072520474,3.802618443,3.647164752,4.116106661
East Asia & Pacific,-0.56881502,3.040031051,4.639429579,2.685488306,3.727962042,4.368000401,5.252258784,4.921757765,5.710172729,6.71430617,3.581443365,1.322244921,7.265423023,4.521181451,4.721651041,4.514780252,3.996192527,3.885800106
Europe & Central Asia (excluding high income),-1.780784652,2.189378453,8.065300849,2.793271459,5.404817256,6.757866501,8.195589377,6.96301574,8.089460291,7.650890767,4.381207012,-6.123475798,5.371778751,5.343055304,2.850857383,2.612604092,1.55474832,-0.654397251
Europe & Central Asia,2.512343443,2.900080493,4.31979344,2.2486574,1.720242869,1.858776155,3.226914306,2.716847789,3.953990667,3.719613227,1.016887441,-4.501359154,2.568246402,2.277917313,0.127501391,0.597924757,1.408720444,1.482482368
Ecuador,3.266529404,-4.739385791,1.091801564,4.0156299,4.096776659,2.722877337,8.211020917,5.291308267,4.403526434,2.190063972,6.3571306,0.566491592,3.525298669,7.868140919,5.641962067,4.553575531,3.67498214,0.290361073
"Egypt, Arab Rep.",4.036367066,6.105460399,5.368005967,3.535225676,2.370489108,3.193454733,4.091919181,4.471352753,6.842960587,7.088015957,7.152051034,4.685445188,5.139126087,1.816646644,2.193878354,2.106724617,2.228791014,4.2
Euro area,2.971069358,2.988043153,3.867451136,2.159607955,1.015048192,0.724737973,2.288948787,1.702117558,3.24622867,3.055738239,0.475425069,-4.542265901,2.065151634,1.594780569,-0.880979902,-0.320545577,0.896985954,1.656874866
Eritrea,1.772582792,0.013480241,-3.141985774,8.75543519,3.005429218,-2.655515842,1.451735534,2.57444953,-0.969216929,1.42682206,-9.783030037,3.87650156,2.194190545,8.679799936,,,,
Spain,4.305978447,4.484901183,5.289093179,4.001069225,2.879762121,3.187571476,3.166746501,3.723102943,4.174119116,3.768895263,1.115972755,-3.57381203,0.013786544,-1.000080488,-2.620308512,-1.671971848,1.360673017,3.214286402
Estonia,4.117324056,-0.856495096,10.56808194,6.328672643,6.07641942,7.416210542,6.294727029,9.373736784,10.27186523,7.748203062,-5.419463511,-14.72440239,2.462773326,7.583125148,5.182578141,1.567795821,2.906537167,1.067840531
Ethiopia,-3.458139148,5.162145824,6.073217492,8.301306322,1.514725693,-2.161359721,13.57260315,11.81876594,10.83472707,11.456167,10.78852168,8.802553202,12.55053834,11.17829624,8.647811635,10.58227004,10.27918702,9.607518001
European Union,3.017101793,3.004642978,3.885299682,2.234095182,1.337512481,1.313110194,2.560060465,2.093641407,3.385118671,3.117209445,0.50211812,-4.390684954,2.079835338,1.761168014,-0.47714182,0.186819335,1.357815733,1.948759597
Fragile and conflict affected situations,12.79470528,7.191179425,1.370115876,2.255797833,-1.42712176,-5.819533078,14.17901128,6.038429734,6.14371582,5.003959478,5.112016513,4.107083483,5.44911077,-6.851307402,12.05201323,3.018452695,-0.631427244,1.982695802
Finland,5.428512567,4.444134273,5.634847452,2.580792075,1.680325089,1.993984087,3.926057175,2.779955031,4.055197444,5.184800809,0.720668487,-8.269036558,2.992337502,2.570817745,-1.42618936,-0.758036295,-0.698309888,0.546055314
Fiji,1.300002337,8.799998672,-1.699999246,1.999998847,3.200000591,0.999998968,5.300000995,0.699999968,1.85248247,-0.850653611,1.032794285,-1.386037503,2.954673156,-3.050276112,1.634990386,5.35548347,6.941674542,3.419565179
France,3.556201252,3.407099149,3.875162259,1.954449425,1.118456892,0.81953167,2.786424111,1.607713814,2.3749469,2.361498873,0.195294766,-2.941341055,1.965657375,2.079229175,0.182693034,0.576241547,0.259494108,1.155966989
Faroe Islands,,,,,,,,,,,,,,,,,,
"Micronesia, Fed. Sts.",2.955722519,1.383750704,4.5632095,1.747193334,0.599899534,1.825861414,-3.231262222,2.160556312,-0.163398426,-2.059676851,-2.559644172,0.961955354,2.530578819,2.050567151,0.564168715,-3.561518835,-3.402898057,
Gabon,3.477833587,-8.932622802,-1.882966398,2.135233422,-0.249033169,2.247330012,0.689543058,3.900705466,-3.634637434,5.658952383,-3.308430649,0.13033112,7.089887315,7.091753343,5.251076918,5.63841405,4.314877125,3.856683734
United Kingdom,3.376468167,3.112744032,3.79884463,2.75803547,2.493914266,3.336664571,2.488458121,2.996358264,2.661822553,2.586036583,-0.466876766,-4.19194486,1.54017665,1.972398563,1.179056123,2.159903871,2.852843317,2.329183321
Georgia,3.104903424,2.869256461,1.838341787,4.805452136,5.473838085,11.05810212,5.857329773,9.599640804,9.383276297,12.34399988,2.314047429,-3.775774557,6.253028626,7.221523093,6.350481944,3.387043726,4.623331907,2.774928095
Ghana,4.700390779,4.39999686,3.700000115,4,4.499999699,5.199999984,5.59999999,5.900003953,6.399912419,4.346819153,9.149799094,4.845756132,7.899740293,14.04600263,9.292511869,7.312525021,3.985865624,3.882704469
Gibraltar,,,,,,,,,,,,,,,,,,
Guinea,3.644121242,3.812004035,2.503060561,3.658346471,5.164609466,1.24860126,2.340117313,2.997272561,2.496728569,1.757682351,4.936932709,-0.280192286,1.936217423,3.90876145,3.944111989,2.299999238,0.399998601,0.099994528
"Gambia, The",3.499998513,6.399999316,5.500000174,5.800000236,-3.250000307,6.869999803,7.049999934,-0.941675912,1.124099702,3.631025533,5.734641946,6.449695858,6.524632607,-4.328668868,5.862230311,4.780907872,0.877460551,
Guinea-Bissau,-28.09997973,1.025537409,5.426987367,2.188906815,-0.985177525,0.568510176,2.76140199,4.265425195,2.309750124,3.204668686,3.204910483,3.314407697,4.432021672,9.334094819,-1.798000803,0.820272416,2.541075102,4.796779831
Equatorial Guinea,23.77448233,25.66401544,18.21377995,63.37987543,19.46283403,13.95525032,37.99872686,16.74870061,7.704917606,12.25217091,9.908375613,-4.534718957,-3.825021882,1.975648557,5.747235995,-6.507499735,-0.284307682,-12.19385266
Greece,3.894904772,3.072596664,3.919770772,4.131612076,3.922871842,5.794531264,5.060992565,0.599142055,5.65243372,3.273746857,-0.335172557,-4.300733667,-5.479037108,-9.132494153,-7.300493935,-3.198239636,0.653982658,-0.231571523
Grenada,6.541905963,10.07249863,1.872901282,-2.023900041,3.43732353,9.463973431,-0.647450316,13.27306387,-4.017708784,6.150583245,0.949050949,-6.613908956,-0.511266454,0.764825341,-1.155295176,2.352300913,5.684820479,3.410985657
Greenland,7.757980698,1.377884947,7.10159701,1.269035533,-0.971177945,-0.3796267,2.667513496,1.979585524,4.468980892,5.513059779,0.345909084,-5.411986294,,,,,,
Guatemala,4.993527823,3.847062161,3.608868745,2.332574183,3.866626505,2.530789948,3.152081872,3.260111011,5.379776764,6.304056538,3.281079816,0.526043018,2.869487737,4.162048946,2.969857427,3.697585578,4.174169137,4.148784475
Guam,,,,,,,,,,,,,,,,,,
Guyana,-1.708567128,2.969880978,-1.376727515,2.249999297,1.051000768,-1.00525525,3.293924791,-1.956911156,5.129609355,7.020313451,1.976647058,3.31862417,4.370869417,5.437126058,4.816458917,5.22162589,3.840915282,3.005814078
High income,2.601395145,3.324500369,3.971868272,1.514587464,1.603986291,2.104582014,3.296662169,2.718066826,3.078603408,2.718130946,0.354268149,-3.382452127,2.957776044,1.817053585,1.284661003,1.182256686,1.799425831,1.913376681
"Hong Kong SAR, China",-5.882643006,2.506671669,7.663485913,0.560802766,1.65665506,3.056328301,8.700095212,7.388143132,7.032583323,6.464748708,2.127864186,-2.45911375,6.767610559,4.814675724,1.700302663,3.072174041,2.61439406,2.360550321
Honduras,2.901585416,-1.889534893,5.748148174,2.723193273,3.754337861,4.547038052,6.232302961,6.050599222,6.567243552,6.188327167,4.23160011,-2.43162788,3.731140344,3.835690662,4.128687749,2.791559757,3.085214961,3.635262488
Heavily indebted poor countries (HIPC),3.600714942,3.032612498,2.860322033,4.22900691,3.613323782,4.5824794,5.241295301,6.226392356,6.268568588,6.654035986,6.104919876,4.487586443,5.797412411,4.863961341,5.663954076,5.689801614,5.578854786,4.817282974
Croatia,1.861880909,-0.935499992,3.767496172,3.434404365,5.246474529,5.557907035,4.082810688,4.163840897,4.785120878,5.15000498,2.0533655,-7.383783,-1.701249763,-0.281262662,-2.187429172,-1.063921096,-0.360434269,1.644613259
Haiti,,2.696522905,0.875239923,-1.042697313,-0.261498231,0.362430598,-3.511333077,1.791686574,2.252992255,3.343279015,0.843944329,3.083247688,-5.497792337,5.523737754,2.885096051,4.247935032,2.79645782,1.651661377
Hungary,4.209822706,3.244162858,4.227410248,3.849141606,4.480838685,3.843903617,4.937714375,4.354623581,3.806359977,0.42581997,0.839345785,-6.55907806,0.743197936,1.757501673,-1.688895103,1.889768022,3.67222002,2.938915791
IBRD only,1.908798744,3.186751937,5.607203767,3.362164739,4.02108396,5.335394956,7.688242423,7.045506711,8.064495171,8.692857619,5.632268258,2.052292021,7.526989504,6.003770856,4.866940495,4.70917009,4.033461634,3.435335719
IDA & IBRD total,2.02238933,3.168319899,5.500469721,3.402978263,3.982340513,5.354448438,7.940753229,6.947908294,7.963830342,8.53319194,5.605041548,2.25057397,7.414329086,5.914871606,4.860599312,4.762597306,4.154317825,3.522497932
IDA total,3.53254547,2.929070749,4.106251437,3.941616107,3.474585995,5.603269928,11.22995466,5.717073384,6.67837173,6.46781862,5.24548698,4.851452485,5.976005642,4.772923804,4.766220834,5.486308608,5.76417479,4.629982389
IDA blend,3.277168339,2.343762725,4.667178428,3.307536557,3.547173689,6.298707602,16.09491924,5.249717589,6.914807403,6.093484819,4.837087508,5.170908833,6.097244142,5.228849516,4.936430805,5.241183975,5.901287392,4.305669752
Indonesia,-13.12672393,0.791129836,4.920064597,3.643466447,4.499475391,4.780369122,5.030873945,5.692571304,5.500951785,6.345022227,6.0137036,4.628871183,6.223854181,6.169784208,6.030050653,5.557263689,5.023889052,4.793921304
IDA only,3.854908226,3.650489598,3.422866793,4.716425001,3.387351498,4.782239178,5.403274208,6.333594935,6.36965222,6.959099922,5.777138841,4.448939053,5.822189823,4.192985371,4.546837401,5.803426813,5.581066372,5.065973844
Isle of Man,13.50925874,13.69321623,5.338364279,5.376166334,5.868974884,6.327778883,5.199996721,5.900003046,7.700001498,7.457065044,9.84866342,2.127151152,9.415889627,4.814762146,6.249540692,4.493510306,,
India,6.184415821,8.845755561,3.840991157,4.823966264,3.803975321,7.860381475,7.922936613,9.284831507,9.263958898,8.608212487,3.890957062,8.479786622,10.25996299,6.63835345,5.618562773,6.638812736,7.243471746,7.570130368
Not classified,,,,,,,,,,,,,,,,,,
Ireland,8.913179803,10.76204293,10.22875255,5.833502806,5.936680162,3.842196192,4.40513207,6.334125561,6.309729023,5.542750825,-2.162410157,-5.63836661,0.398613832,2.588084299,0.151117554,1.434302453,5.199368895,7.811395995
"Iran, Islamic Rep.",2.08001178,2.002696233,5.845527476,2.392172712,8.07882928,8.639298397,4.336665979,4.208690356,5.704251918,9.116167365,0.923695792,2.314710619,6.577374352,3.749690486,-6.608687255,-1.911575057,4.343343402,
Iraq,34.85709513,17.58226601,1.406474812,2.305316984,-6.900180223,-33.10083802,54.15777462,4.400617192,10.15819958,1.377598148,8.228107104,3.379299094,6.402564845,7.5464712,13.93643017,6.572160298,-2.118268061,2.1
Iceland,6.520021855,4.163206319,4.723636719,3.762633493,0.45335828,2.741825062,8.220327655,5.960358031,4.20637027,9.492910314,1.478781618,-4.681171587,-3.588668391,1.98812081,1.182931611,3.895970473,1.826660454,3.957122201
Israel,4.251809192,3.737087569,8.942023062,0.241579639,-0.068274778,1.177134261,5.114051717,4.389914718,5.801808363,6.135078996,3.059407048,1.268661904,5.517022935,5.030189584,2.85774521,3.353203071,2.599679423,2.488076224
Italy,1.616073187,1.559850895,3.710107987,1.77218597,0.248546306,0.151323895,1.581936027,0.949664837,2.00658763,1.473871503,-1.050405284,-5.482053957,1.686523279,0.57662466,-2.819019127,-1.748190439,-0.343160836,0.759532981
Jamaica,-2.334553543,1.047673871,0.878703548,1.344929564,1.997290944,3.666317593,1.3237251,0.893797936,2.89912535,1.431954037,-0.72230904,-4.425210552,-1.488944185,1.723211104,-0.603505605,0.547910509,0.687750718,0.9
Jordan,2.996113628,3.408516773,4.239817478,5.27137064,5.792385509,4.163751728,8.562737394,8.163780219,8.093331161,8.175719022,7.23240848,5.47658105,2.336830301,2.560808799,2.651203349,2.829210769,3.096330275,2.382686629
Japan,-2.003147834,-0.199337319,2.257495302,0.355461715,0.289548451,1.685111722,2.360730113,1.302728144,1.692904245,2.192186233,-1.041636034,-5.526976489,4.711386136,-0.454282297,1.742200425,1.356716501,-0.031429266,0.472784704
Kazakhstan,-1.899999999,2.699999998,9.800000002,13.5,9.800000002,9.3,9.6,9.699999999,10.7,8.9,3.3,1.199999999,7.3,7.2,4.6,5.8,4.1,1.2
Kenya,3.290213723,2.305388596,0.599695392,3.779906496,0.54685953,2.932475546,5.104299776,5.906666082,6.472494299,6.850729771,0.232282746,3.306939815,8.402277064,6.11161346,4.554942796,5.693530352,5.331859404,5.649197078
Kyrgyz Republic,2.121835252,3.655789406,5.426673766,5.321584347,-0.017353042,7.030296039,7.026859686,-0.175548166,3.102898691,8.542874896,8.401615957,2.8862947,-0.471566848,5.956274377,-0.088150193,10.91546938,4.024038761,3.469280798
Cambodia,5.00903275,11.90975793,8.766785439,8.038631629,6.687880848,8.505898789,10.34052873,13.25008556,10.77108716,10.21257181,6.691577475,0.086696959,5.963078575,7.069569946,7.261322743,7.480003653,7.071525352,7.036087179
Kiribati,10.98150547,0.149539683,9.506586095,0.703251456,0.577604814,4.03025063,3.172490639,-0.174077721,-4.507931358,7.51644384,2.754238139,-0.665021325,-0.500317782,2.740007765,2.810013544,2.97279334,3.7,3.144654088
St. Kitts and Nevis,-0.667313658,3.38849989,5.018932867,4.978155937,1.838590198,-2.548816266,4.605144062,9.258699522,5.885215531,2.832379042,4.128683688,-5.598328101,-3.227010925,1.695115944,-1.225697239,5.820111758,6.903070938,4.618097924
"Korea, Rep.",-5.713897734,10.73058969,8.831278205,4.525319497,7.432433614,2.933207053,4.899851507,3.92368744,5.176133982,5.463406088,2.829214457,0.707518483,6.496785169,3.681704667,2.292382426,2.896220054,3.341447519,2.611935409
Kosovo,,,,26.97391784,-0.700948289,5.980145596,2.612126758,6.033229748,4.503031756,7.286082986,2.644818653,3.341665533,3.309574839,4.619578328,2.808457654,3.440464709,1.218533857,3.62444573
Kuwait,3.662055103,-1.789009463,4.694581988,0.729026414,3.000000009,17.32000038,10.7621943,10.07595099,7.52024923,5.991661246,2.479843833,-7.076102616,-2.367061944,9.628436082,6.626388081,1.149038847,-1.622033474,-0.4
Latin America & Caribbean (excluding high income),1.905100712,-0.008453057,3.816169849,0.734834979,0.242463291,1.475812555,6.373954498,4.539416675,5.511570276,5.990538582,4.128844882,-1.767408506,5.996628054,4.467668309,2.812391478,2.781772598,0.668636406,-0.841319409
Lao PDR,3.967608091,7.306376073,5.798782326,5.751412882,5.918749073,6.066996905,6.35769548,7.107568369,8.619266209,7.596828801,7.824902763,7.501774913,8.526905517,8.038652681,8.024211032,8.471097672,7.515270123,6.99522552
Lebanon,3.592643299,-0.453074266,1.34406653,3.953516126,3.373876548,3.23739038,7.478802317,2.702340944,1.602773165,9.4040866,9.098076674,10.30091265,7.996086279,2.004586309,2.199999964,0.900000061,1.810007635,1.508567042
Liberia,30.20813102,21.74144788,28.61593335,2.918717298,3.762764999,-30.14522252,2.620605256,5.28197573,8.043162022,9.534892858,7.146939285,5.300099075,6.099944692,8.199998146,7.99445127,8.703875016,0.701141636,0.297657564
Libya,,,3.679213293,-1.762878168,-0.958849381,13.01600108,4.461629982,11.87072893,6.500547227,6.352316994,2.66735579,-0.790141832,5.021289739,-62.07591958,104.4867889,-13.55238921,-24,-10.2
St. Lucia,6.353149719,2.358586863,4.420562002,-3.228761803,0.045405165,4.783465553,8.215291505,-0.787011779,8.222634829,0.621413851,2.793275138,-0.453633259,-1.716769987,0.701816462,-1.056272321,0.138582388,0.456088954,1.760480089
Latin America & Caribbean,2.114833783,0.034511363,3.750542631,1.035091419,0.331883299,1.60435369,6.216553836,4.503165411,5.324786065,5.724852199,3.969707989,-1.728114166,5.785136279,4.383219802,2.821862931,2.781351405,0.74511727,-0.683008466
Least developed countries: UN classification,4.298025766,4.112586026,4.021435852,5.492917771,3.061823023,5.421606029,6.661689505,8.262117808,8.207857586,9.378624454,7.409990081,4.455253848,5.350877782,3.743374128,4.192641504,5.552887255,5.49085227,4.440449999
Low income,3.084720249,3.154847483,1.812652771,4.482307945,2.250639268,3.072131729,5.406202349,6.162917938,5.353938002,6.500127626,5.223730687,5.645544594,6.734507732,5.882436911,4.202718608,5.878930436,6.027958112,4.69332866
Liechtenstein,7.761262133,10.41092416,3.220190998,-0.733091477,-0.993919345,-1.937566245,3.039173512,4.828074952,8.644969847,3.325962956,1.798087686,-1.157481822,,,,,,
Sri Lanka,4.698423046,4.300540498,6.00003316,-1.545408134,3.964675686,5.940269078,5.445061278,6.241748045,7.6682919,6.796826119,5.950088145,3.538912053,8.015959407,8.404738131,9.144579388,3.395709596,4.878603033,4.785984567
Lower middle income,0.512724809,4.554331326,4.350121266,4.293428988,3.829513566,6.322887976,8.394322201,6.601089633,7.379907401,7.22283031,4.745239886,4.999727877,7.401552624,5.396738733,5.120328356,5.576271892,5.571751688,5.4769838
Low & middle income,1.915563763,3.23081923,5.566844192,3.47927207,4.085517983,5.418480555,8.056844536,7.080951556,8.072280531,8.618244306,5.675153181,2.322077872,7.541535661,5.954024616,4.954904644,4.85703523,4.210822926,3.550540716
Lesotho,1.743989365,0.402031682,5.140339514,4.22920334,0.532376117,4.691154436,2.291777907,2.704500225,4.307444107,4.733465098,5.733473897,3.357932789,7.891144168,4.04854461,4.993621287,4.461031071,3.639082752,
Late-demographic dividend,2.100822204,4.067976108,6.688620064,4.802794824,5.475961921,6.365725012,7.68508529,7.185955535,8.714630086,9.593515467,6.529629513,2.541477158,7.60879428,6.615848721,5.315371283,5.092999627,4.463656282,3.354636178
Lithuania,7.467176003,-1.134642895,3.83166714,6.524430875,6.760749533,10.53856477,6.550083027,7.727407918,7.406444355,11.08695439,2.628077961,-14.81416332,1.639819649,6.044910029,3.835604582,3.544744983,3.032469985,1.593774606
Luxembourg,6.491304425,8.420360543,8.441852354,2.152855377,3.620782281,1.397642591,4.411116963,3.216432925,5.110594745,8.395647185,-0.843120826,-5.376988795,5.676656248,2.565685444,-0.847072985,4.346679537,4.069293381,4.849233222
Latvia,6.533236884,2.621478464,5.40086984,6.457260341,7.111753025,8.424604182,8.341507485,10.70157261,11.90219148,9.96049931,-3.597639193,-14.34892637,-3.78028072,6.211500744,4.005234456,3.021631081,2.359205218,1.886912296
"Macao SAR, China",-4.59999991,-2.400000008,5.699999959,15.47340027,8.947244712,11.65370804,26.75498727,8.059804124,13.31416975,14.44754993,3.393762962,1.321117614,25.26386197,21.67259965,9.229711564,11.20062232,-0.852104,-20.34873256
St. Martin (French part),,,,,,,,,,,,,,,,,,
Morocco,7.23855269,1.081332562,1.912872981,7.319967454,3.121449656,5.961162155,4.797018362,3.291639684,7.574631645,3.531913925,5.922950526,4.243757321,3.815717917,5.245697297,3.009961262,4.725331777,2.417081182,4.4
Monaco,3.503268192,3.300541382,3.910231911,2.187729373,1.026496836,1.087535488,2.470486213,1.895413784,5.049346202,14.58244232,10,,,,,,,
Moldova,-6.49999995,-3.400000332,2.100000277,6.100000042,7.800000106,6.600000426,7.410062486,7.487164565,4.798521976,3.067943527,7.764846405,-5.989579853,7.094071762,6.414350738,-0.700000351,9.396806409,4.8,-0.5
Madagascar,3.932336443,4.6591157,4.760065099,6.017824403,-12.67378814,9.784892131,5.257003604,4.602899965,5.022607002,6.240578451,7.128513539,-4.013860583,0.263110856,1.454392168,3.027536044,2.263499584,3.126165895,3.016568886
Maldives,,,,,5.733744344,14.18146703,14.10006578,-8.604050318,20.65432576,10.79088228,12.47675617,-5.511438552,5.96267316,8.70933893,2.496489996,4.699793673,6.480585724,1.513884196
Middle East & North Africa,4.622233432,2.931616977,5.624361641,1.93388371,2.348402838,4.622093662,8.414481633,5.606507129,6.800559003,6.160316751,5.028647754,1.578322168,5.0588554,3.673683646,4.185923885,2.176024502,2.49195606,2.908028787
Mexico,4.701842416,2.667013147,5.296473838,-0.60549239,0.131917169,1.422671242,4.295714251,3.032573659,4.944514348,3.204123017,1.40029037,-4.700338863,5.11019849,4.044613879,4.018173869,1.34536242,2.250316467,2.546869971
Marshall Islands,-2.844265171,-2.397148488,5.890676039,5.363380056,2.615902679,0.170064959,-0.055412459,2.750235998,1.923486585,3.736561743,-1.889703772,-2.36201857,4.109197031,0.152739118,2.81423221,2.342032379,-0.971303396,
Middle income,1.900263951,3.231871779,5.618589424,3.465949094,4.110126857,5.450938015,8.092684195,7.093055899,8.107810788,8.645224045,5.680789694,2.278192212,7.552543144,5.954993612,4.964998268,4.84342195,4.186274618,3.534585399
"Macedonia, FYR",3.378735622,4.339027922,4.549135778,-3.067245662,1.494028679,2.222222222,4.674428357,4.723377527,5.137025162,6.473486858,5.471711774,-0.358615842,3.358760114,2.339892284,-0.456184412,2.925265321,3.540834345,3.665280374
Mali,7.571667639,5.700943653,-0.06083497,14.66122069,7.929994677,12.95226488,-6.152742148,10.36853165,12.51365778,8.302834121,9.545858585,11.7464878,10.8690858,7.749889395,11.21561874,7.014482138,7.788725571,7.61105767
Malta,5.125603164,4.71997263,6.77019381,-1.549888586,2.811588371,0.132087471,-0.503224546,3.66560275,2.223906402,4.279227098,3.9,-2.8,4.3,1.4,1.1,2.9,,
Myanmar,5.866213153,10.94512998,13.74593056,11.3440345,12.02551864,13.84399505,13.64190607,,,,,,,,,8.519691107,8.49636586,6.991270978
Middle East & North Africa (excluding high income),6.816768125,4.956441623,4.195201296,2.852950818,3.534502998,2.535630577,8.14436582,4.961174905,5.73786464,6.326092259,3.765176791,3.140874177,5.387456506,-0.644808175,2.86114421,0.891999934,1.558152255,
Montenegro,4.900002988,-9.399997528,3.099997417,1.100001032,1.899998858,2.499998406,4.400003554,4.192994029,8.566242791,10.65790133,6.922597533,-5.656917491,2.46373268,3.228451021,-2.723796788,3.548980552,1.783712681,3.374693813
Mongolia,3.3399366,3.070369009,1.146062137,2.952710544,4.732978464,7.004634576,10.62540596,7.253665441,8.556234809,10.24801636,8.900367946,-1.268598941,6.365161685,17.29077735,12.31981973,11.64891583,7.885225829,2.29544361
Northern Mariana Islands,,,,,,,,,,,,,,,,,,
Mozambique,11.85939398,7.822974027,1.678502985,12.72096582,8.794057581,6.500606668,7.811186108,8.720667877,9.851055465,7.426060991,6.876205447,6.351461683,6.687731849,7.117606632,7.198185826,7.1416833,7.434140922,6.266542057
Mauritania,2.77780492,7.712825411,-0.430406256,2.008796925,0.665004156,5.978253348,5.74742354,8.969422318,18.86909934,2.817836772,1.079967167,-1.042081704,4.773697175,4.704066531,5.795078172,6.090258729,4.206214056,
Mauritius,6.070628116,2.610779527,9.026614099,2.573570288,2.11331329,3.656856398,5.745767527,1.241387538,3.947653044,5.890498632,5.511089889,3.048982486,4.100201815,3.889883083,3.221946714,3.189178155,3.624025462,3.500010227
Malawi,3.895253633,3.042278097,1.576077831,-4.974963841,1.700000007,5.70563944,5.420497688,3.268725833,4.7,9.599999997,7.639736774,8.328110276,6.874065635,4.854055109,1.885799507,5.199999998,5.700000004,2.950000002
Malaysia,-7.359415368,6.137609867,8.858868104,0.517675303,5.390988327,5.788499279,6.783437734,5.332139144,5.584847069,6.298785931,4.831769894,-1.51368508,7.425970491,5.293784657,5.473454192,4.713453716,5.992609342,4.952370606
North America,4.395934117,4.729789524,4.197088202,1.054079922,1.902610421,2.709341427,3.7177825,3.330842283,2.663507237,1.806127951,-0.167114794,-2.793343088,2.583645786,1.749546391,2.174512474,1.559846278,2.43225446,2.2926679
Namibia,3.291585556,3.369278594,3.492183222,1.177948858,4.788661308,4.239794315,12.26954803,2.529262603,7.073175362,6.617094453,2.649811967,0.295971028,6.03924941,5.091338198,5.061482274,5.654561701,6.330232139,5.663774181
New Caledonia,-3.200275506,0.900172502,2.100108842,,,,,,,,,,,,,,,
Niger,10.42226252,-0.568758332,-1.40950935,7.104340612,2.999122036,5.299999998,0.100000001,4.499999999,5.800000002,3.146570396,9.587673209,-0.712671174,8.369239798,2.31140022,11.81366328,5.268378734,7.049797948,3.605301605
Nigeria,2.715640179,0.474237575,5.318093381,4.411065196,3.784648183,10.35418456,33.73577503,3.444666813,8.210964859,6.828398348,6.270263697,6.934416004,7.839739477,4.887386611,4.279277314,5.394416311,6.309718253,2.652693623
Nicaragua,3.711681448,7.03597048,4.101590153,2.960843529,0.753938941,2.520732936,5.31217052,4.282398305,4.15206956,5.287768464,2.851710935,-2.759210147,3.191298766,6.231594567,5.590562193,4.533235949,4.565212146,4.928954392
Netherlands,4.525415041,5.051693368,4.238763069,2.124264345,0.103629981,0.283922581,2.030706315,2.160366002,3.518636961,3.698473106,1.699060778,-3.767583537,1.402662177,1.663626344,-1.057037404,-0.495377915,1.011128408,1.990584966
Norway,2.624459058,2.013307553,3.205285079,2.085328034,1.437708802,0.919841889,3.959038033,2.624720535,2.395092466,2.929766044,0.384306038,-1.622533265,0.60193444,0.96877971,2.748768783,0.99870545,2.214762793,1.598068601
Nepal,3.016389482,4.412573271,6.199999988,4.799762644,0.120266897,3.945037767,4.682603245,3.479181046,3.364614788,3.411560276,6.104639142,4.53307872,4.81641465,3.421828241,4.781192258,4.128877676,5.380583821,3.362953183
Nauru,,,,,,,,,,,,,,,,,,
New Zealand,0.608706759,5.511655183,2.767282965,3.435868391,4.87389869,4.636573433,3.809179261,3.400547676,2.925975851,2.864627982,-1.309300019,-0.537631643,1.37039191,2.69189097,2.736603777,1.579084705,3.172835807,3.39302765
OECD members,2.67672028,3.25226185,3.952579269,1.380661822,1.581525138,1.978520639,3.200663364,2.656271381,2.997851091,2.603479546,0.206723571,-3.546127477,2.922132194,1.752035097,1.222339684,1.137272108,1.757913426,1.966308557
Oman,2.642337974,-0.124806894,5.401372717,4.482454096,-1.10056525,-2.668969447,1.292112564,2.49045836,5.372068299,4.452694304,8.199695813,6.112453761,4.802852057,-1.091025209,7.08065789,3.912783126,2.894205544,3.5
Other small states,,,,4.097650319,4.487188141,4.182011799,9.161299472,5.773686721,10.58384416,10.06511153,7.173512013,2.013919153,9.092922732,7.581525757,3.67778807,3.155071979,3.167562326,2.417457239
Pakistan,2.550234295,3.660132744,4.260088012,1.982484032,3.224429973,4.846320935,7.368571359,7.667304271,6.177542036,4.832817277,1.701405465,2.831658519,1.606691959,2.74840255,3.50703342,4.367249451,4.738354944,5.538100562
Panama,7.341500972,3.917206369,2.715373937,0.574272976,2.228886968,4.205763521,7.522079987,7.191279118,8.527761017,15.31592358,8.611646134,1.598358809,5.767349873,11.80806624,9.229952302,6.624158955,6.053334058,5.777393473
Peru,-0.391710242,1.494863143,2.694311073,0.617831087,5.453764602,4.164850559,4.9582783,6.285172088,7.528816844,8.518441947,9.143148198,1.049232382,8.450746875,6.452216002,5.95034634,5.854057072,2.38417296,3.25689986
Philippines,-0.57672219,3.081926764,4.411212506,2.893992411,3.645898141,4.970363731,6.697636425,4.777663462,5.242953041,6.616668505,4.152757145,1.148330408,7.632263916,3.659755139,6.683810237,7.055272228,6.132343044,5.805728663
Palau,1.999949998,-5.399949781,-1.312929561,4.317386231,6.599552573,-6.348373557,6.946778711,1.257202724,-2.741852043,-0.053191489,-5.588078765,-9.075535513,3.285802852,5.042016807,3.2,-2.436323367,4.256526674,9.363091998
Papua New Guinea,-3.769113351,1.855553847,-2.494841729,-0.121288758,-0.158900358,2.164102531,2.721175412,6.344796039,2.294466151,7.151762439,6.610958325,6.14148229,7.674331651,10.66932893,8.087543144,5.537412004,8.533901802,
Poland,4.981633946,4.524198618,4.259803397,1.2053016,1.443499193,3.562532958,5.135655776,3.547057816,6.192689548,7.201683419,3.920379277,2.634181356,3.698867548,5.008511757,1.561706721,1.264705163,3.282538076,3.649719131
Pre-demographic dividend,8.176726755,4.905509253,3.125506496,4.298096879,0.999363376,0.13388482,21.24414485,5.741597377,8.4647228,7.221400938,6.784506504,4.94342862,6.298919207,4.524904058,5.317477819,5.539904393,4.449493019,3.122698663
Puerto Rico,6.745681787,2.06636381,1.512452504,9.849452032,1.773267622,1.19291552,1.760917241,0.56859912,-0.889569195,-3.325701786,-1.798808345,-2.361113517,-2.612530288,-1.890463033,-2.772499076,-0.577342697,,
"Korea, Dem. People’s Rep.",,,,,,,,,,,,,,,,,,
Portugal,4.791770763,3.888213351,3.787494022,1.943304636,0.768796844,-0.934206327,1.81158365,0.766785017,1.553052692,2.492002475,0.199272251,-2.978104284,1.898691753,-1.826852906,-4.028256714,-1.130155829,0.905794225,1.454463805
Paraguay,0.068035126,-1.366071238,-2.314146032,-0.834057908,-0.021401975,4.320749918,4.057419171,2.133486167,4.807120262,5.421622463,6.35911702,-3.965695886,13.09300368,4.342407086,-1.238968506,14.03627767,4.722333745,3.014746509
Pacific island small states,2.08625176,4.509875361,-0.565101045,1.181027994,1.947276197,1.960369654,4.153997537,2.036479057,2.339509976,1.355546415,1.871603101,-1.630129128,2.919776219,1.058922628,1.855487167,2.652525031,4.091960289,3.379608326
Post-demographic dividend,2.51393044,3.326773367,3.872182855,1.521238828,1.572344528,1.965598732,3.134518617,2.572511457,2.896445911,2.543186661,0.168033339,-3.594360145,2.835875579,1.557545763,1.118434705,1.079289717,1.658072026,1.790583686
French Polynesia,6.199995771,4.000004643,4.000000343,,,,,,,,,,,,,,,
Qatar,,,,3.898186603,7.182151762,3.719958644,19.21891529,7.492758507,26.1702457,17.98565677,17.66355638,11.95656114,19.59233153,13.37517641,4.879570493,4.58167359,4.18377303,3.58277343
Romania,-2.087247178,-0.401527523,2.395094533,5.592002343,5.184192218,5.52427784,8.358591275,4.171914313,8.055560146,6.863757382,8.45898402,-7.06682807,-0.798465536,1.05629446,0.640965688,3.531603199,2.959047007,3.736683579
Russian Federation,-5.299999999,6.4,9.999999999,5.091984231,4.743669897,7.295854331,7.175949192,6.376187027,8.153431973,8.535080209,5.247953532,-7.820885027,4.503725626,4.264176565,3.517941865,1.279453911,0.70637056,-3.72667344
Rwanda,8.858669491,7.58109646,8.318704945,8.668954202,13.51052989,1.451335379,6.946390386,6.912001414,9.235269536,7.612853864,11.16246001,6.267988487,7.312669275,7.851934941,8.788351534,4.684512428,7.00913242,6.904203115
South Asia,5.609391437,7.791716035,4.070791535,4.324358632,3.717359695,7.258615017,7.554272814,8.797876454,8.68296928,8.087745614,3.883498889,7.634751001,9.083569986,6.321693763,5.649628094,6.266686681,6.852434295,7.196362456
Saudi Arabia,2.834525185,-0.748492103,4.864539865,0.547644944,0.127703034,7.659270219,9.254206213,7.256017518,5.576747435,5.992309707,8.427164639,1.829176099,4.761882035,9.95893281,5.38446595,2.669911395,3.638741595,3.485656413
Sudan,4.308504104,3.10409568,6.345867769,6.500360421,6.427273901,7.734591717,3.883307291,7.489738142,10.064308,11.52191003,7.801963334,3.241847572,3.469335093,-1.967728979,-2.214703192,3.299999857,3.100000262,3.43961625
Senegal,5.898672516,6.359843002,3.186639102,4.580916419,0.654803692,6.683228134,5.870772214,5.622606857,2.461570253,4.938485083,3.682524403,2.423175917,4.179363063,1.761118048,4.411180285,3.485217346,4.311051022,6.485194754
Singapore,-2.225229743,6.095204493,8.897544418,-0.952290066,4.211686552,4.435328147,9.549175476,7.489157459,8.860196114,9.111527148,1.787620228,-0.603388298,15.24037704,6.207448728,3.670136095,4.67547762,3.260015288,2.008372345
Solomon Islands,1.783866401,-0.482600682,-14.26748303,-7.978564432,-2.800002522,6.50000183,4.898370946,5.421193232,6.946649998,7.320001264,7.094495143,-4.727872457,6.895556838,12.92847503,4.660611855,3.014386846,1.507426291,3.253985586
Sierra Leone,1.785014281,-1.979285588,6.652727885,-7.140319715,26.26857661,9.382384967,6.417536687,4.332484395,5.525833107,8.058321564,5.399676742,4.649512913,5.365143208,6.268629628,15.04611625,20.48744024,4.590841309,-20.30124592
El Salvador,3.748726161,3.449098435,2.152652497,1.708936396,2.340822748,2.30003827,1.850535583,3.562814501,3.911948645,3.839765177,1.274227301,-3.133046282,1.364783667,2.21683561,1.880955461,1.847286731,1.425262043,2.455062222
San Marino,7.52,9.077380952,2.182810368,5.607476636,0.252844501,3.909205549,4.611650485,2.320185615,3.854875283,3.493449782,1.898734177,,,,,,,
Somalia,,,,,,,,,,,,,,,,,,
Serbia,2.430456631,-12.1465874,7.759209405,4.992714031,7.115788087,4.415414059,9.046513062,5.540426974,4.904348856,5.888760078,5.366683424,-3.115971692,0.584478088,1.401465736,-1.015270388,2.571734107,-1.831301107,0.726074887
Sub-Saharan Africa (excluding high income),2.472729789,2.183185839,3.630582223,3.880324577,2.98360184,4.882056412,11.60033978,5.544683449,7.062069066,7.075289736,5.324859373,2.84702061,5.535038293,4.300400551,3.643188779,4.741644632,4.632543737,2.978059853
South Sudan,,,,,,,,,,,,5.04164188,5.493416395,-4.640316736,-46.08212237,13.12973114,3.373648477,-6.349777952
Sub-Saharan Africa,2.478628199,2.18285846,3.628362578,3.87400511,2.981890333,4.871826457,11.58802085,5.547252162,7.063865765,7.077910637,5.318824314,2.844088332,5.535337881,4.302969722,3.645390608,4.74264319,4.631527012,2.97845892
Small states,,,,3.593479711,4.286043532,4.516284506,8.000993078,5.269409645,9.668260327,8.557544651,5.998708904,0.956930084,7.473376497,6.457116596,3.275714553,2.875774897,2.903495227,2.267401457
Sao Tome and Principe,,,,3.189933317,2.376877471,6.573472701,3.832227084,7.093770448,9.115646545,3.253604914,8.186171817,4.015820883,4.480038922,4.828586114,4.589145046,4.186074416,4.478554136,
Suriname,1.564201258,-0.871057627,-0.068687218,4.553077415,4.299944411,6.010154543,9.256031959,4.570714921,3.84213742,5.111487808,4.143406525,3.01369863,5.157261795,5.267209149,3.071137574,2.837741968,1.842909234,1.499332108
Slovak Republic,4.011814145,-0.205071462,1.210176214,3.316465879,4.522790656,5.418717306,5.258838117,6.397286236,8.485509504,10.83443581,5.652722009,-5.491361008,5.081851666,2.841938591,1.523328264,1.427984633,2.521909235,3.595020933
Slovenia,3.285613401,5.274355086,4.15544216,2.949355156,3.836311613,2.842102933,4.351785441,4.002988098,5.656016806,6.94157235,3.300289653,-7.797360798,1.237670766,0.64933632,-2.718168813,-1.057865675,3.048362068,2.879160899
Sweden,4.226791693,4.530152752,4.735287133,1.563410279,2.073577213,2.385740236,4.32052981,2.818329618,4.688127152,3.404948895,-0.557047628,-5.18465903,5.988926547,2.664407951,-0.286320615,1.241204917,2.266978422,4.093637317
Swaziland,2.604039316,2.950874907,1.760174102,1.157877797,1.777204687,2.24009392,2.906684463,2.463329338,3.302561678,3.503652056,2.373518272,1.250350184,1.68081685,1.327171792,3.027489393,2.949144427,2.450372365,1.657387295
Sint Maarten (Dutch part),,,,,,,,,,,,,,,,,,
Seychelles,8.403398525,1.872006587,1.514338815,-2.271162762,1.212831267,-5.887127528,-2.850453659,9.005761428,9.40612788,10.42143611,-2.146892655,-1.105245793,5.954962469,7.887279597,6.610243689,6.049822064,3.316985028,3.497813866
Syrian Arab Republic,6.337264017,-3.553656913,2.742857397,5.20094281,5.9,0.6,6.900000004,6.2,4.999999998,5.699999996,,,,,,,,
Turks and Caicos Islands,,,,,,,,,,,,,,,,,,
Chad,6.951579914,-0.682850217,-0.879681025,11.65813465,8.491209819,14.72166701,33.62937185,17.33253374,0.648262014,3.271499579,3.052691532,4.217695552,13.55010086,0.082869798,8.882576072,5.700001363,6.899985045,1.799999521
East Asia & Pacific (IDA & IBRD countries),1.73522492,6.056473018,7.440286105,6.659415346,7.812095003,8.68737162,8.869768583,9.647140553,10.7171969,12.12636721,8.407978346,7.549292177,9.772136875,8.441376602,7.42911771,7.136696214,6.722531263,6.460260277
Europe & Central Asia (IDA & IBRD countries),-0.767835824,2.461849322,7.405984574,2.576860491,4.836427294,6.291792187,7.698970731,6.458565216,7.78260477,7.546815041,4.280132439,-5.05185433,5.020234215,5.204993583,2.599872491,2.379756511,1.752214122,-0.052181309
Togo,-2.299876566,2.481751426,-0.783479606,-1.626806272,-0.922151022,4.954397666,2.119065316,1.180406956,4.052412542,2.290453889,2.225480232,3.510296675,3.99567877,4.883763946,4.820343516,3.967792633,5.937491372,5.475268985
Thailand,-7.633733631,4.572298369,4.455676031,3.444243766,6.148879817,7.189329965,6.289288549,4.187834924,4.967916824,5.43509257,1.725667908,-0.738279789,7.506710715,0.833682448,7.230959189,2.70211729,0.817633102,2.819683122
Tajikistan,5.3,3.7,8.299998545,10.2,10.8,11,10.3,6.7,7,7.800001545,7.899997831,3.800000992,6.500000353,7.399999383,7.499999169,7.40000057,6.69925066,4.2
Turkmenistan,7.100000344,16.4999995,5.469064133,4.343845714,0.257179925,3.26882856,5.000407438,13.04036341,10.96709551,11.05929947,14.7,6.100000115,9.199999988,14.69999993,11.09999996,10.2000001,10.29999997,6.49999991
Latin America & the Caribbean (IDA & IBRD countries),2.014368811,-0.089910567,3.785273751,0.788247411,0.274774716,1.597756743,6.362648645,4.538275048,5.412087651,5.938060053,4.110491298,-1.748518749,6.015872856,4.53196387,2.922961675,2.845807725,0.74516589,-0.687050494
Middle East & North Africa (IDA & IBRD countries),6.668126931,4.837173721,4.332482758,2.931015682,3.572248576,2.485128747,8.140105422,4.914595101,5.822900552,6.38591447,3.849959014,3.033362882,5.409080212,-0.703180977,2.77387363,0.935085788,1.579532982,
Timor-Leste,,,17.50563435,16.36690647,-6.646058733,-2.317880795,0.508474576,6.239460371,-5.714285714,11.44781145,14.19939577,12.96296296,9.367681499,9.528907923,6.353861193,2.757352941,5.5,4.251
Tonga,2.718812655,3.881704581,3.369839694,3.601788655,3.416109019,2.156539356,0.764189645,1.577206884,-1.076001205,-4.571113139,2.456248639,1.099573953,4.165690916,2.01912478,0.546957252,-2.675541923,2.143955465,
South Asia (IDA & IBRD),5.609391437,7.791716035,4.070791535,4.324358632,3.717359695,7.258615017,7.554272814,8.797876454,8.68296928,8.087745614,3.883498889,7.634751001,9.083569986,6.321693763,5.649628094,6.266686681,6.852434295,7.196362456
Sub-Saharan Africa (IDA & IBRD countries),2.478628199,2.18285846,3.628362578,3.87400511,2.981890333,4.871826457,11.58802085,5.547252162,7.063865765,7.077910637,5.318824314,2.844088332,5.535337881,4.302969722,3.645390608,4.74264319,4.631527012,2.97845892
Trinidad and Tobago,8.115872287,8.024574797,7.559741736,4.168524081,7.936709641,14.44141647,7.949593657,6.208992894,13.20805778,4.754189988,3.390421366,-4.390592479,-0.092861903,0.006985199,1.366074356,1.739760541,0.816480106,1.006273702
Tunisia,4.783762572,6.054634515,4.709859945,3.796183827,1.322563618,4.702411815,6.235793869,3.486535815,5.244195185,6.709620392,4.237776836,3.043448955,3.510608639,-2.383918674,3.700000026,2.299999969,2.299999972,0.80000008
Turkey,2.308213489,-3.365343997,6.774455335,-5.697476493,6.163839607,5.265265304,9.362807614,8.401617872,6.893489337,4.668578895,0.658839041,-4.825875699,9.156954487,8.772746296,2.127460709,4.192509347,3.020118213,3.984859202
Tuvalu,15.50121998,-1.563791371,-0.970599814,1.634107644,7.886174359,-3.333536533,-1.352181114,-3.779729962,2.138938329,6.350564875,7.983260905,-4.432851394,-2.729427912,8.453323926,0.174458145,1.298187614,1.987889667,
Tanzania,3.708511596,4.840382325,4.933846627,5.997828858,7.163553536,6.886226532,7.828298381,8.173335834,4.660570995,8.464381242,5.566595648,5.382346168,6.358886081,7.904507572,5.141013621,7.26306003,6.965132962,6.967871634
Uganda,4.905265484,8.053948377,3.141907338,5.183661126,8.732685764,6.473258671,6.807233344,6.332565116,10.78474439,8.412425966,8.708751901,7.251045316,5.170342974,9.673224959,4.411259872,3.270736613,4.815273108,5.04298098
Ukraine,-1.899999981,-0.199999989,5.89999999,9.200000012,5.199999972,9.400000012,12.1,2.699999984,7.300000029,7.900000767,2.299999986,-14.80000001,4.200000016,5.200000009,0.199999998,0,-6.60000296,-9.899982989
Upper middle income,2.29993055,2.857605486,5.981528933,3.232512783,4.190092031,5.203322066,8.006113596,7.234758519,8.316232213,9.048979063,5.941904008,1.527184639,7.595634066,6.114957152,4.919983901,4.63774684,3.791383228,2.956503822
Uruguay,4.518890072,-1.939212135,-1.92993064,-3.844129967,-7.732007212,0.805283917,5.004160365,7.460132106,4.098577362,6.54151084,7.176144661,4.243494195,7.803409655,5.162133022,3.538178722,4.63753863,3.238791229,0.982258638
United States,4.449910963,4.685199608,4.092176449,0.975981834,1.786127687,2.806775956,3.78574285,3.345216063,2.666625826,1.77857024,-0.291621459,-2.775529574,2.531920616,1.601454672,2.224030854,1.489524949,2.427795636,2.425970526
Uzbekistan,4.3,4.300000003,3.799999993,4.200000008,3.999999997,4.199999999,7.699999998,7.000000005,7.299999997,9.921153846,9,8.1,8.5,8.3,8.2,8,8.1,8
St. Vincent and the Grenadines,4.089483241,2.710917941,1.637438391,1.709414612,6.323310422,7.689791237,4.15628429,2.488004855,7.661607218,-1.617029317,6.7319684,-2.099061259,-3.365116682,-0.423644081,1.380494196,1.670008481,0.656613575,1.451904416
"Venezuela, RB",0.294055161,-5.970458146,3.686944167,3.394236108,-8.855647353,-7.75530005,18.28660669,10.3179138,9.872149109,8.753578808,5.277854124,-3.202302657,-1.488791251,4.176425359,5.625956975,1.343094036,-3.894386475,-5.7
British Virgin Islands,,,,,,,,,,,,,,,,,,
Virgin Islands (U.S.),,,,,,,,,,,,,,,,,,
Vietnam,5.764455464,4.773586881,6.787316408,6.192893312,6.320820988,6.899063492,7.536410612,7.547247727,6.977954812,7.129504484,5.661771208,5.397897543,6.423238217,6.240302749,5.247367156,5.421882991,5.983654637,6.679288789
Vanuatu,4.301466021,0.334788215,5.922044539,-3.488507759,-5.111218569,4.293431178,3.984754831,5.30285231,8.462928669,5.175676788,6.448521358,3.312815802,1.629081596,1.223225535,1.754749927,1.96914608,2.304347102,
West Bank and Gaza,25.94759176,17.95702567,-9.93456706,-6.45470159,-1.417431798,9.496431875,8.693986546,10.93967063,-4.583703463,-1.727003605,-8.590175873,20.94078783,2.337462352,7.835718182,14.53603506,-4.280020715,-1.091389245,12.39324294
World,2.444707474,3.303198161,4.335514487,1.967584749,2.184681679,2.894874741,4.459704115,3.820745602,4.3803421,4.310557133,1.849668037,-1.71811506,4.350096248,3.112093489,2.465177824,2.3929521,2.612130171,2.466404149
Samoa,2.194886325,2.185438856,6.918790299,6.93976583,4.343995595,4.515479143,4.625001948,4.156492103,1.968807932,6.322641763,1.009086658,-4.8082722,0.479158713,5.778544297,0.402103619,-1.933858756,1.196147337,1.634776026
"Yemen, Rep.",6.006694588,3.775530487,6.18191561,3.803645877,3.935231492,3.7473982,3.97269639,5.591748066,3.170409373,3.338427946,4.014388868,4.134837953,3.317465196,-15.08839309,2.469878516,4.155705526,,
South Africa,0.499999997,2.400000005,4.199999997,2.700000003,3.700374403,2.949075466,4.554559908,5.277051971,5.585045962,5.360474053,3.191043888,-1.538089135,3.039747085,3.212451755,2.219824006,2.212354431,1.548700635,1.283295722
"Congo, Dem. Rep.",-1.624154045,-4.270140831,-6.910927317,-2.100173025,2.947765184,5.577822311,6.738373933,6.135151155,5.320981058,6.259469847,6.225900286,2.855060107,7.078889424,6.864630026,7.157859628,8.503503317,8.969479484,6.91618781
Zambia,-0.385746225,4.650189789,3.89732287,5.316868319,4.506014409,6.944973873,7.032395131,7.23559899,7.903694512,8.352436224,7.773895812,9.220348444,10.29820581,5.615583296,7.572564153,5.131819138,5.024890232,3.221575675
Zimbabwe,2.885211917,-0.817820899,-3.059189626,1.439615074,-8.894023417,-16.99507453,-5.807538303,-5.711083833,-3.46149505,-3.653327043,-17.6689466,5.984390754,11.37592123,11.90540789,10.56520427,4.484095146,3.848290307,1.073431709